transaction_id,timestamp,client,product_id,side,notional
T00290,2025-09-07 11:00:00,Client_09,P035,BUY,2000000
T00347,2025-09-07 11:00:00,Client_15,P012,BUY,500000
T00305,2025-09-08 11:00:00,Client_11,P023,BUY,500000
T00262,2025-09-09 11:00:00,Client_07,P007,BUY,750000
T00287,2025-09-10 11:00:00,Client_09,P009,BUY,250000
T00234,2025-09-11 11:00:00,Client_04,P012,BUY,750000
T00374,2025-09-12 11:00:00,Client_18,P017,BUY,250000
T00300,2025-09-14 11:00:00,Client_10,P008,BUY,250000
T00400,2025-09-14 11:00:00,Client_20,P030,BUY,250000
T00225,2025-09-15 11:00:00,Client_03,P027,BUY,750000
T00205,2025-09-16 11:00:00,Client_01,P008,BUY,2000000
T00274,2025-09-16 11:00:00,Client_08,P032,BUY,500000
T00298,2025-09-16 11:00:00,Client_10,P022,BUY,2000000
T00196,2025-09-17 11:00:00,Client_01,P004,BUY,500000
T00271,2025-09-17 11:00:00,Client_07,P015,BUY,500000
T00336,2025-09-17 11:00:00,Client_14,P035,BUY,1000000
T00375,2025-09-17 11:00:00,Client_18,P034,BUY,500000
T00310,2025-09-18 11:00:00,Client_11,P020,BUY,1500000
T00321,2025-09-18 11:00:00,Client_12,P005,BUY,1500000
T00394,2025-09-18 11:00:00,Client_20,P008,BUY,100000
T00369,2025-09-19 11:00:00,Client_17,P035,BUY,250000
T00264,2025-09-20 11:00:00,Client_07,P020,BUY,2000000
T00215,2025-09-23 11:00:00,Client_03,P008,BUY,100000
T00330,2025-09-23 11:00:00,Client_13,P008,BUY,1000000
T00355,2025-09-23 11:00:00,Client_16,P006,BUY,1500000
T00270,2025-09-24 11:00:00,Client_07,P012,BUY,250000
T00284,2025-09-24 11:00:00,Client_09,P002,BUY,1500000
T00291,2025-09-24 11:00:00,Client_09,P021,BUY,100000
T00304,2025-09-24 11:00:00,Client_11,P005,BUY,750000
T00384,2025-09-24 11:00:00,Client_19,P033,BUY,1500000
T00235,2025-09-25 11:00:00,Client_04,P026,BUY,750000
T00388,2025-09-25 11:00:00,Client_19,P007,BUY,2000000
T00198,2025-09-26 11:00:00,Client_01,P020,BUY,250000
T00398,2025-09-26 11:00:00,Client_20,P035,BUY,750000
T00203,2025-09-27 11:00:00,Client_01,P027,BUY,1500000
T00209,2025-09-27 11:00:00,Client_02,P016,BUY,1000000
T00229,2025-09-27 11:00:00,Client_04,P035,BUY,2000000
T00231,2025-09-27 11:00:00,Client_04,P014,BUY,250000
T00348,2025-09-27 11:00:00,Client_15,P030,BUY,1000000
T00380,2025-09-28 11:00:00,Client_18,P031,BUY,100000
T00392,2025-09-28 11:00:00,Client_19,P015,BUY,1000000
T00393,2025-09-28 11:00:00,Client_19,P010,BUY,250000
T00202,2025-09-29 11:00:00,Client_01,P005,BUY,1500000
T00211,2025-09-29 11:00:00,Client_02,P026,BUY,1000000
T00276,2025-09-29 11:00:00,Client_08,P010,BUY,2000000
T00328,2025-09-30 11:00:00,Client_13,P002,BUY,1500000
T00356,2025-09-30 11:00:00,Client_16,P033,BUY,750000
T00218,2025-10-01 11:00:00,Client_03,P007,BUY,1500000
T00242,2025-10-01 11:00:00,Client_05,P029,BUY,2000000
T00265,2025-10-01 11:00:00,Client_07,P036,BUY,100000
T00368,2025-10-01 11:00:00,Client_17,P019,BUY,250000
T00343,2025-10-02 11:00:00,Client_15,P022,BUY,250000
T00338,2025-10-03 11:00:00,Client_14,P022,BUY,500000
T00285,2025-10-04 11:00:00,Client_09,P031,BUY,250000
T00306,2025-10-04 11:00:00,Client_11,P012,BUY,1000000
T00360,2025-10-04 11:00:00,Client_16,P015,BUY,250000
T00312,2025-10-05 11:00:00,Client_11,P021,BUY,2000000
T00357,2025-10-06 11:00:00,Client_16,P007,BUY,250000
T00367,2025-10-06 11:00:00,Client_17,P011,BUY,250000
T00151,2025-10-07 10:45:00,Client_15,P016,BUY,100000
T00249,2025-10-07 11:00:00,Client_05,P034,BUY,750000
T00266,2025-10-07 11:00:00,Client_07,P004,BUY,250000
T00333,2025-10-07 11:00:00,Client_14,P013,BUY,2000000
T00386,2025-10-07 11:00:00,Client_19,P002,BUY,2000000
T00387,2025-10-07 11:00:00,Client_19,P021,BUY,1000000
T00013,2025-10-09 10:30:00,Client_02,P018,BUY,1000000
T00070,2025-10-09 10:30:00,Client_07,P032,SELL,2000000
T00378,2025-10-09 11:00:00,Client_18,P026,BUY,2000000
T00109,2025-10-09 12:00:00,Client_11,P006,BUY,500000
T00058,2025-10-09 13:00:00,Client_05,P033,SELL,100000
T00191,2025-10-09 13:30:00,Client_20,P014,SELL,750000
T00397,2025-10-10 11:00:00,Client_20,P015,BUY,1000000
T00156,2025-10-10 12:30:00,Client_16,P032,SELL,500000
T00086,2025-10-10 14:45:00,Client_08,P021,SELL,100000
T00003,2025-10-11 09:45:00,Client_01,P003,BUY,750000
T00323,2025-10-11 11:00:00,Client_13,P006,BUY,2000000
T00005,2025-10-11 14:00:00,Client_01,P022,BUY,250000
T00073,2025-10-11 16:45:00,Client_07,P030,BUY,500000
T00077,2025-10-12 09:45:00,Client_08,P011,SELL,2000000
T00145,2025-10-12 10:00:00,Client_14,P033,BUY,2000000
T00048,2025-10-12 10:30:00,Client_05,P032,SELL,100000
T00210,2025-10-12 11:00:00,Client_02,P003,BUY,100000
T00297,2025-10-12 11:00:00,Client_10,P036,BUY,1000000
T00011,2025-10-12 16:00:00,Client_02,P034,BUY,1500000
T00337,2025-10-13 11:00:00,Client_14,P023,BUY,750000
T00389,2025-10-13 11:00:00,Client_19,P022,BUY,1500000
T00390,2025-10-13 11:00:00,Client_19,P011,BUY,1500000
T00185,2025-10-13 11:30:00,Client_19,P007,SELL,100000
T00072,2025-10-13 13:45:00,Client_07,P016,BUY,750000
T00053,2025-10-14 10:15:00,Client_05,P014,SELL,500000
T00364,2025-10-14 11:00:00,Client_17,P022,BUY,100000
T00178,2025-10-14 15:45:00,Client_19,P004,SELL,2000000
T00006,2025-10-15 09:00:00,Client_01,P020,BUY,100000
T00039,2025-10-15 10:00:00,Client_04,P031,BUY,1000000
T00018,2025-10-15 14:15:00,Client_03,P007,BUY,1000000
T00217,2025-10-16 11:00:00,Client_03,P032,BUY,500000
T00299,2025-10-16 11:00:00,Client_10,P014,BUY,1000000
T00056,2025-10-16 14:30:00,Client_05,P017,BUY,1000000
T00200,2025-10-17 11:00:00,Client_01,P007,BUY,750000
T00377,2025-10-17 11:00:00,Client_18,P014,BUY,250000
T00169,2025-10-17 14:00:00,Client_17,P010,BUY,1500000
T00183,2025-10-17 14:30:00,Client_19,P024,BUY,1000000
T00140,2025-10-17 15:30:00,Client_14,P007,SELL,1000000
T00028,2025-10-17 16:30:00,Client_03,P011,BUY,500000
T00362,2025-10-18 11:00:00,Client_16,P011,BUY,100000
T00396,2025-10-18 11:00:00,Client_20,P022,BUY,100000
T00192,2025-10-18 11:45:00,Client_20,P034,BUY,1000000
T00130,2025-10-19 10:00:00,Client_13,P023,SELL,250000
T00012,2025-10-19 10:30:00,Client_02,P011,SELL,1000000
T00223,2025-10-19 11:00:00,Client_03,P022,BUY,750000
T00252,2025-10-19 11:00:00,Client_06,P017,BUY,250000
T00279,2025-10-19 11:00:00,Client_08,P017,BUY,750000
T00063,2025-10-19 11:15:00,Client_06,P001,SELL,2000000
T00040,2025-10-19 12:00:00,Client_04,P004,BUY,750000
T00075,2025-10-19 13:30:00,Client_08,P020,SELL,100000
T00057,2025-10-19 13:45:00,Client_05,P028,BUY,2000000
T00035,2025-10-19 16:45:00,Client_04,P012,BUY,1000000
T00339,2025-10-20 11:00:00,Client_14,P017,BUY,500000
T00376,2025-10-20 11:00:00,Client_18,P035,BUY,1000000
T00015,2025-10-20 13:45:00,Client_02,P020,BUY,1500000
T00173,2025-10-21 10:45:00,Client_18,P018,SELL,500000
T00237,2025-10-21 11:00:00,Client_04,P024,BUY,1500000
T00320,2025-10-21 11:00:00,Client_12,P024,BUY,1500000
T00087,2025-10-21 16:30:00,Client_09,P029,BUY,250000
T00105,2025-10-22 09:30:00,Client_10,P030,BUY,1500000
T00166,2025-10-22 14:45:00,Client_17,P008,BUY,250000
T00255,2025-10-23 11:00:00,Client_06,P014,BUY,750000
T00278,2025-10-23 11:00:00,Client_08,P033,BUY,100000
T00055,2025-10-23 11:30:00,Client_05,P030,SELL,250000
T00152,2025-10-23 15:00:00,Client_15,P022,BUY,500000
T00168,2025-10-24 09:45:00,Client_17,P029,SELL,750000
T00253,2025-10-24 11:00:00,Client_06,P009,BUY,500000
T00259,2025-10-24 11:00:00,Client_06,P015,BUY,250000
T00239,2025-10-25 11:00:00,Client_04,P022,BUY,100000
T00188,2025-10-26 09:30:00,Client_20,P016,BUY,2000000
T00213,2025-10-26 11:00:00,Client_02,P015,BUY,100000
T00359,2025-10-26 11:00:00,Client_16,P021,BUY,100000
T00363,2025-10-26 11:00:00,Client_16,P022,BUY,2000000
T00096,2025-10-26 14:15:00,Client_10,P027,SELL,1000000
T00165,2025-10-26 16:15:00,Client_17,P021,BUY,2000000
T00052,2025-10-27 09:45:00,Client_05,P018,SELL,250000
T00243,2025-10-27 11:00:00,Client_05,P030,BUY,750000
T00261,2025-10-27 11:00:00,Client_07,P011,BUY,100000
T00267,2025-10-27 11:00:00,Client_07,P016,BUY,500000
T00283,2025-10-27 11:00:00,Client_09,P032,BUY,500000
T00391,2025-10-27 11:00:00,Client_19,P017,BUY,100000
T00111,2025-10-27 11:15:00,Client_11,P032,BUY,750000
T00034,2025-10-27 12:00:00,Client_03,P036,BUY,1500000
T00244,2025-10-28 11:00:00,Client_05,P036,BUY,250000
T00042,2025-10-28 12:00:00,Client_04,P035,BUY,2000000
T00296,2025-10-29 11:00:00,Client_10,P017,BUY,1500000
T00326,2025-10-29 11:00:00,Client_13,P033,BUY,1500000
T00164,2025-10-29 13:30:00,Client_17,P004,BUY,1500000
T00074,2025-10-29 16:30:00,Client_07,P027,BUY,100000
T00251,2025-10-30 11:00:00,Client_06,P024,BUY,1000000
T00350,2025-10-30 11:00:00,Client_15,P024,BUY,250000
T00078,2025-10-31 14:00:00,Client_08,P015,SELL,500000
T00031,2025-10-31 15:00:00,Client_03,P004,SELL,250000
T00026,2025-11-01 10:15:00,Client_03,P026,BUY,500000
T00204,2025-11-01 11:00:00,Client_01,P012,BUY,2000000
T00269,2025-11-01 11:00:00,Client_07,P018,BUY,100000
T00033,2025-11-02 09:00:00,Client_03,P018,SELL,100000
T00001,2025-11-02 10:15:00,Client_01,P001,BUY,500000
T00094,2025-11-02 13:15:00,Client_10,P016,BUY,100000
T00118,2025-11-02 16:15:00,Client_12,P030,BUY,100000
T00007,2025-11-02 16:30:00,Client_01,P025,BUY,750000
T00138,2025-11-03 09:30:00,Client_14,P030,SELL,250000
T00302,2025-11-03 11:00:00,Client_11,P004,BUY,250000
T00341,2025-11-03 11:00:00,Client_14,P016,BUY,100000
T00143,2025-11-03 13:00:00,Client_14,P028,SELL,500000
T00174,2025-11-04 10:45:00,Client_18,P003,BUY,1500000
T00004,2025-11-04 15:45:00,Client_01,P005,SELL,2000000
T00182,2025-11-05 09:00:00,Client_19,P030,BUY,250000
T00221,2025-11-05 11:00:00,Client_03,P025,BUY,1000000
T00281,2025-11-05 11:00:00,Client_08,P001,BUY,500000
T00121,2025-11-05 13:15:00,Client_12,P006,SELL,1500000
T00045,2025-11-06 09:45:00,Client_05,P003,SELL,750000
T00147,2025-11-06 10:45:00,Client_15,P014,BUY,2000000
T00230,2025-11-06 11:00:00,Client_04,P001,BUY,100000
T00313,2025-11-06 11:00:00,Client_11,P034,BUY,500000
T00324,2025-11-06 11:00:00,Client_13,P022,BUY,2000000
T00133,2025-11-07 10:45:00,Client_13,P012,BUY,750000
T00061,2025-11-07 11:30:00,Client_06,P032,SELL,1000000
T00020,2025-11-07 13:00:00,Client_03,P030,SELL,250000
T00041,2025-11-07 13:30:00,Client_04,P027,BUY,1000000
T00002,2025-11-07 15:00:00,Client_01,P015,BUY,250000
T00236,2025-11-08 11:00:00,Client_04,P011,BUY,750000
T00293,2025-11-08 11:00:00,Client_10,P020,BUY,1500000
T00131,2025-11-08 14:15:00,Client_13,P012,BUY,100000
T00148,2025-11-08 15:30:00,Client_15,P027,BUY,500000
T00342,2025-11-09 11:00:00,Client_14,P003,BUY,250000
T00353,2025-11-09 11:00:00,Client_16,P026,BUY,750000
T00125,2025-11-10 11:15:00,Client_13,P029,BUY,250000
T00263,2025-11-11 11:00:00,Client_07,P001,BUY,2000000
T00311,2025-11-11 11:00:00,Client_11,P036,BUY,100000
T00238,2025-11-12 11:00:00,Client_04,P002,BUY,250000
T00303,2025-11-12 11:00:00,Client_11,P028,BUY,1000000
T00325,2025-11-12 11:00:00,Client_13,P016,BUY,100000
T00358,2025-11-12 11:00:00,Client_16,P012,BUY,1500000
T00161,2025-11-12 15:45:00,Client_17,P034,BUY,250000
T00017,2025-11-13 09:00:00,Client_02,P009,SELL,100000
T00184,2025-11-13 09:15:00,Client_19,P005,SELL,100000
T00272,2025-11-13 11:00:00,Client_08,P009,BUY,750000
T00322,2025-11-13 11:00:00,Client_12,P007,BUY,250000
T00365,2025-11-13 11:00:00,Client_17,P006,BUY,100000
T00366,2025-11-13 11:00:00,Client_17,P005,BUY,1500000
T00113,2025-11-13 12:45:00,Client_11,P036,SELL,250000
T00189,2025-11-14 09:15:00,Client_20,P006,BUY,1000000
T00260,2025-11-14 11:00:00,Client_07,P027,BUY,2000000
T00319,2025-11-14 11:00:00,Client_12,P009,BUY,1500000
T00346,2025-11-14 11:00:00,Client_15,P005,BUY,2000000
T00352,2025-11-14 11:00:00,Client_16,P030,BUY,2000000
T00354,2025-11-14 11:00:00,Client_16,P034,BUY,250000
T00155,2025-11-14 11:15:00,Client_16,P022,SELL,100000
T00080,2025-11-14 15:30:00,Client_08,P021,BUY,2000000
T00102,2025-11-14 15:30:00,Client_10,P025,SELL,750000
T00093,2025-11-14 15:45:00,Client_10,P016,BUY,2000000
T00142,2025-11-14 15:45:00,Client_14,P011,SELL,2000000
T00024,2025-11-15 10:00:00,Client_03,P005,SELL,750000
T00277,2025-11-15 11:00:00,Client_08,P007,BUY,750000
T00128,2025-11-15 14:15:00,Client_13,P010,BUY,100000
T00171,2025-11-16 10:45:00,Client_18,P023,SELL,750000
T00216,2025-11-16 11:00:00,Client_03,P002,BUY,250000
T00349,2025-11-16 11:00:00,Client_15,P029,BUY,2000000
T00402,2025-11-16 11:00:00,Client_20,P007,BUY,100000
T00186,2025-11-16 14:45:00,Client_20,P023,BUY,250000
T00092,2025-11-16 15:30:00,Client_09,P017,BUY,500000
T00104,2025-11-16 16:45:00,Client_10,P028,BUY,1500000
T00023,2025-11-17 10:15:00,Client_03,P024,BUY,250000
T00247,2025-11-17 11:00:00,Client_05,P002,BUY,2000000
T00207,2025-11-18 11:00:00,Client_02,P021,BUY,1500000
T00248,2025-11-18 11:00:00,Client_05,P019,BUY,750000
T00315,2025-11-18 11:00:00,Client_12,P034,BUY,1000000
T00327,2025-11-18 11:00:00,Client_13,P019,BUY,100000
T00373,2025-11-18 11:00:00,Client_17,P018,BUY,2000000
T00044,2025-11-18 11:15:00,Client_04,P010,BUY,100000
T00193,2025-11-18 12:30:00,Client_20,P029,BUY,500000
T00089,2025-11-18 15:15:00,Client_09,P001,SELL,1500000
T00177,2025-11-18 15:15:00,Client_19,P018,BUY,1000000
T00258,2025-11-19 11:00:00,Client_06,P002,BUY,2000000
T00370,2025-11-19 11:00:00,Client_17,P015,BUY,500000
T00172,2025-11-19 11:15:00,Client_18,P011,BUY,250000
T00091,2025-11-19 11:45:00,Client_09,P035,BUY,750000
T00037,2025-11-19 12:30:00,Client_04,P006,SELL,500000
T00119,2025-11-19 13:45:00,Client_12,P009,BUY,500000
T00214,2025-11-20 11:00:00,Client_02,P031,BUY,100000
T00295,2025-11-20 11:00:00,Client_10,P005,BUY,1500000
T00385,2025-11-20 11:00:00,Client_19,P019,BUY,1500000
T00059,2025-11-20 11:15:00,Client_06,P021,BUY,750000
T00097,2025-11-20 11:30:00,Client_10,P036,BUY,100000
T00043,2025-11-20 15:15:00,Client_04,P005,BUY,100000
T00179,2025-11-20 15:15:00,Client_19,P034,SELL,500000
T00144,2025-11-21 10:45:00,Client_14,P016,BUY,750000
T00246,2025-11-21 11:00:00,Client_05,P020,BUY,500000
T00025,2025-11-22 10:00:00,Client_03,P005,BUY,250000
T00175,2025-11-22 10:15:00,Client_18,P009,BUY,1000000
T00220,2025-11-22 11:00:00,Client_03,P005,BUY,1000000
T00233,2025-11-22 11:00:00,Client_04,P015,BUY,500000
T00115,2025-11-22 11:15:00,Client_12,P002,BUY,1500000
T00219,2025-11-23 11:00:00,Client_03,P034,BUY,250000
T00098,2025-11-23 13:15:00,Client_10,P005,BUY,250000
T00047,2025-11-23 13:45:00,Client_05,P023,SELL,750000
T00054,2025-11-23 13:45:00,Client_05,P030,BUY,500000
T00079,2025-11-23 14:00:00,Client_08,P032,BUY,2000000
T00180,2025-11-23 14:45:00,Client_19,P008,SELL,2000000
T00288,2025-11-24 11:00:00,Client_09,P030,BUY,1500000
T00334,2025-11-24 11:00:00,Client_14,P009,BUY,1500000
T00116,2025-11-24 16:30:00,Client_12,P023,BUY,750000
T00268,2025-11-25 11:00:00,Client_07,P028,BUY,750000
T00404,2025-11-25 11:00:00,Client_20,P004,BUY,250000
T00030,2025-11-25 12:15:00,Client_03,P035,SELL,750000
T00068,2025-11-25 16:45:00,Client_07,P019,SELL,750000
T00032,2025-11-26 10:00:00,Client_03,P001,BUY,100000
T00292,2025-11-26 11:00:00,Client_09,P014,BUY,1000000
T00316,2025-11-26 11:00:00,Client_12,P008,BUY,250000
T00060,2025-11-26 14:00:00,Client_06,P025,SELL,250000
T00228,2025-11-27 11:00:00,Client_04,P017,BUY,1500000
T00241,2025-11-27 11:00:00,Client_05,P035,BUY,100000
T00403,2025-11-27 11:00:00,Client_20,P032,BUY,100000
T00150,2025-11-27 11:15:00,Client_15,P032,BUY,100000
T00127,2025-11-27 15:30:00,Client_13,P032,BUY,250000
T00157,2025-11-27 16:30:00,Client_16,P020,SELL,100000
T00170,2025-11-28 10:45:00,Client_18,P004,BUY,1500000
T00195,2025-11-28 11:00:00,Client_01,P028,BUY,2000000
T00206,2025-11-28 11:00:00,Client_02,P001,BUY,750000
T00332,2025-11-28 11:00:00,Client_14,P014,BUY,750000
T00340,2025-11-28 11:00:00,Client_14,P007,BUY,1000000
T00046,2025-11-29 11:00:00,Client_05,P005,BUY,2000000
T00083,2025-11-29 11:15:00,Client_08,P028,SELL,250000
T00194,2025-11-30 11:00:00,Client_01,P024,BUY,100000
T00256,2025-11-30 11:00:00,Client_06,P012,BUY,250000
T00331,2025-11-30 11:00:00,Client_14,P027,BUY,750000
T00382,2025-11-30 11:00:00,Client_18,P007,BUY,500000
T00106,2025-11-30 15:45:00,Client_10,P004,SELL,1500000
T00065,2025-12-01 09:30:00,Client_07,P033,BUY,500000
T00076,2025-12-01 10:15:00,Client_08,P023,BUY,1500000
T00134,2025-12-01 10:15:00,Client_13,P027,BUY,750000
T00153,2025-12-01 11:15:00,Client_16,P025,BUY,100000
T00029,2025-12-01 16:15:00,Client_03,P018,BUY,750000
T00154,2025-12-02 09:45:00,Client_16,P020,BUY,2000000
T00371,2025-12-02 11:00:00,Client_17,P003,BUY,1500000
T00395,2025-12-02 11:00:00,Client_20,P036,BUY,100000
T00190,2025-12-02 15:15:00,Client_20,P023,BUY,750000
T00162,2025-12-03 13:30:00,Client_17,P025,BUY,1500000
T00038,2025-12-03 14:15:00,Client_04,P002,SELL,100000
T00383,2025-12-04 11:00:00,Client_19,P001,BUY,250000
T00101,2025-12-04 16:30:00,Client_10,P002,BUY,750000
T00158,2025-12-05 11:00:00,Client_16,P025,BUY,2000000
T00201,2025-12-05 11:00:00,Client_01,P016,BUY,250000
T00067,2025-12-05 13:30:00,Client_07,P008,BUY,2000000
T00176,2025-12-05 16:15:00,Client_18,P035,BUY,1000000
T00254,2025-12-06 11:00:00,Client_06,P027,BUY,500000
T00314,2025-12-06 11:00:00,Client_12,P017,BUY,250000
T00135,2025-12-06 11:30:00,Client_14,P028,BUY,2000000
T00245,2025-12-07 11:00:00,Client_05,P032,BUY,1500000
T00345,2025-12-07 11:00:00,Client_15,P028,BUY,1500000
T00146,2025-12-07 12:00:00,Client_15,P010,SELL,500000
T00085,2025-12-07 14:45:00,Client_08,P010,BUY,500000
T00022,2025-12-08 10:00:00,Client_03,P029,BUY,1500000
T00308,2025-12-08 11:00:00,Client_11,P024,BUY,1000000
T00062,2025-12-08 11:30:00,Client_06,P025,BUY,500000
T00036,2025-12-08 14:30:00,Client_04,P026,BUY,250000
T00050,2025-12-09 10:45:00,Client_05,P020,BUY,1000000
T00197,2025-12-09 11:00:00,Client_01,P011,BUY,750000
T00226,2025-12-09 11:00:00,Client_03,P028,BUY,250000
T00117,2025-12-09 13:30:00,Client_12,P003,SELL,2000000
T00286,2025-12-10 11:00:00,Client_09,P019,BUY,2000000
T00099,2025-12-10 14:45:00,Client_10,P013,BUY,500000
T00159,2025-12-10 15:00:00,Client_17,P028,BUY,1000000
T00071,2025-12-11 09:00:00,Client_07,P025,BUY,1500000
T00224,2025-12-11 11:00:00,Client_03,P024,BUY,1000000
T00317,2025-12-11 11:00:00,Client_12,P018,BUY,1000000
T00122,2025-12-11 14:00:00,Client_12,P003,BUY,1000000
T00163,2025-12-11 15:45:00,Client_17,P029,BUY,1000000
T00199,2025-12-12 11:00:00,Client_01,P001,BUY,2000000
T00232,2025-12-12 11:00:00,Client_04,P025,BUY,250000
T00372,2025-12-12 11:00:00,Client_17,P001,BUY,750000
T00009,2025-12-12 11:30:00,Client_01,P001,BUY,1000000
T00090,2025-12-13 09:45:00,Client_09,P003,BUY,1000000
T00250,2025-12-13 11:00:00,Client_06,P018,BUY,1500000
T00318,2025-12-13 11:00:00,Client_12,P032,BUY,250000
T00160,2025-12-13 16:45:00,Client_17,P033,BUY,1500000
T00141,2025-12-14 11:15:00,Client_14,P009,SELL,500000
T00014,2025-12-14 12:15:00,Client_02,P020,SELL,750000
T00361,2025-12-16 11:00:00,Client_16,P024,BUY,500000
T00307,2025-12-17 11:00:00,Client_11,P006,BUY,250000
T00401,2025-12-17 11:00:00,Client_20,P018,BUY,500000
T00049,2025-12-17 11:15:00,Client_05,P001,BUY,1500000
T00110,2025-12-17 13:00:00,Client_11,P026,SELL,1000000
T00123,2025-12-17 14:15:00,Client_12,P022,BUY,1500000
T00187,2025-12-17 16:30:00,Client_20,P031,BUY,100000
T00208,2025-12-18 11:00:00,Client_02,P004,BUY,1000000
T00240,2025-12-18 11:00:00,Client_04,P030,BUY,1500000
T00301,2025-12-18 11:00:00,Client_11,P014,BUY,1500000
T00351,2025-12-18 11:00:00,Client_15,P009,BUY,1000000
T00126,2025-12-18 12:00:00,Client_13,P010,BUY,100000
T00139,2025-12-18 13:30:00,Client_14,P024,SELL,250000
T00124,2025-12-18 16:15:00,Client_13,P005,BUY,750000
T00222,2025-12-19 11:00:00,Client_03,P020,BUY,750000
T00280,2025-12-19 11:00:00,Client_08,P015,BUY,500000
T00016,2025-12-19 16:30:00,Client_02,P024,BUY,1500000
T00212,2025-12-20 11:00:00,Client_02,P020,BUY,750000
T00257,2025-12-20 11:00:00,Client_06,P006,BUY,750000
T00294,2025-12-20 11:00:00,Client_10,P018,BUY,2000000
T00335,2025-12-21 11:00:00,Client_14,P032,BUY,250000
T00379,2025-12-21 11:00:00,Client_18,P023,BUY,250000
T00021,2025-12-21 11:30:00,Client_03,P030,BUY,500000
T00108,2025-12-21 16:15:00,Client_11,P018,SELL,100000
T00095,2025-12-21 16:30:00,Client_10,P020,BUY,1000000
T00381,2025-12-22 11:00:00,Client_18,P029,BUY,1000000
T00114,2025-12-22 12:45:00,Client_11,P024,SELL,750000
T00309,2025-12-23 11:00:00,Client_11,P009,BUY,2000000
T00275,2025-12-24 11:00:00,Client_08,P014,BUY,500000
T00329,2025-12-24 11:00:00,Client_13,P032,BUY,1500000
T00064,2025-12-24 15:00:00,Client_06,P006,BUY,1500000
T00069,2025-12-25 10:15:00,Client_07,P026,BUY,1000000
T00084,2025-12-25 11:00:00,Client_08,P032,SELL,100000
T00227,2025-12-25 11:00:00,Client_03,P009,BUY,1500000
T00273,2025-12-25 11:00:00,Client_08,P016,BUY,1500000
T00112,2025-12-25 12:00:00,Client_11,P005,BUY,500000
T00282,2025-12-26 11:00:00,Client_08,P027,BUY,750000
T00289,2025-12-26 11:00:00,Client_09,P028,BUY,750000
T00344,2025-12-26 11:00:00,Client_15,P001,BUY,100000
T00399,2025-12-26 11:00:00,Client_20,P020,BUY,100000
T00132,2025-12-26 16:30:00,Client_13,P021,BUY,1000000
T00088,2025-12-27 09:00:00,Client_09,P003,BUY,1500000
T00100,2025-12-27 12:45:00,Client_10,P021,SELL,1000000
T00136,2025-12-28 14:00:00,Client_14,P007,SELL,1500000
T00181,2025-12-29 11:30:00,Client_19,P026,SELL,1000000
T00051,2025-12-29 12:00:00,Client_05,P031,BUY,1000000
T00149,2025-12-29 15:45:00,Client_15,P032,BUY,2000000
T00010,2025-12-30 15:15:00,Client_01,P030,SELL,750000
T00066,2025-12-31 09:15:00,Client_07,P005,BUY,2000000
T00027,2025-12-31 13:30:00,Client_03,P034,SELL,100000
T00103,2026-01-01 13:30:00,Client_10,P005,BUY,2000000
T00137,2026-01-01 13:30:00,Client_14,P028,BUY,500000
T00167,2026-01-01 15:45:00,Client_17,P016,SELL,750000
T00019,2026-01-02 13:30:00,Client_03,P006,BUY,250000
T00129,2026-01-03 10:15:00,Client_13,P034,SELL,750000
T00081,2026-01-03 12:00:00,Client_08,P027,BUY,100000
T00008,2026-01-03 12:30:00,Client_01,P013,BUY,100000
T00120,2026-01-04 10:00:00,Client_12,P012,BUY,250000
T00082,2026-01-04 11:15:00,Client_08,P012,SELL,1000000
T00107,2026-01-04 12:30:00,Client_11,P004,SELL,500000
T00405,2026-01-05 15:30:00,Client_02,P031,SELL,100000
T00406,2026-01-05 15:30:00,Client_03,P008,SELL,100000
T00407,2026-01-05 15:30:00,Client_16,P030,SELL,2000000
T00408,2026-01-06 15:30:00,Client_04,P015,SELL,500000
T00409,2026-01-06 15:30:00,Client_08,P009,SELL,750000
T00410,2026-01-06 15:30:00,Client_08,P033,SELL,100000
T00411,2026-01-06 15:30:00,Client_10,P008,SELL,250000
T00412,2026-01-06 15:30:00,Client_14,P009,SELL,1500000
T00413,2026-01-06 15:30:00,Client_19,P019,SELL,1500000
T00414,2026-01-07 15:30:00,Client_07,P007,SELL,750000
T00415,2026-01-07 15:30:00,Client_08,P032,SELL,500000
T00416,2026-01-07 15:30:00,Client_14,P003,SELL,250000
T00417,2026-01-07 15:30:00,Client_16,P034,SELL,250000
T00418,2026-01-07 15:30:00,Client_18,P017,SELL,250000
T00419,2026-01-08 15:30:00,Client_01,P007,SELL,750000
T00420,2026-01-08 15:30:00,Client_05,P030,SELL,750000
T00421,2026-01-08 15:30:00,Client_11,P009,SELL,2000000
T00422,2026-01-08 15:30:00,Client_17,P001,SELL,750000
T00423,2026-01-08 15:30:00,Client_20,P032,SELL,100000
T00424,2026-01-09 15:30:00,Client_03,P022,SELL,750000
T00425,2026-01-09 15:30:00,Client_04,P030,SELL,1500000
T00426,2026-01-09 15:30:00,Client_06,P017,SELL,250000
T00427,2026-01-09 15:30:00,Client_08,P014,SELL,500000
T00428,2026-01-09 15:30:00,Client_11,P004,SELL,250000
T00429,2026-01-09 15:30:00,Client_11,P023,SELL,500000
T00430,2026-01-09 15:30:00,Client_14,P007,SELL,1000000
T00431,2026-01-09 15:30:00,Client_19,P010,SELL,250000
T00432,2026-01-12 15:30:00,Client_01,P008,SELL,2000000
T00433,2026-01-12 15:30:00,Client_08,P010,SELL,2000000
T00434,2026-01-12 15:30:00,Client_10,P005,SELL,1500000
T00435,2026-01-12 15:30:00,Client_11,P006,SELL,250000
T00436,2026-01-12 15:30:00,Client_14,P027,SELL,750000
T00437,2026-01-12 15:30:00,Client_16,P006,SELL,1500000
T00438,2026-01-13 15:30:00,Client_02,P004,SELL,1000000
T00439,2026-01-13 15:30:00,Client_08,P001,SELL,500000
T00440,2026-01-13 15:30:00,Client_14,P032,SELL,250000
T00441,2026-01-13 15:30:00,Client_16,P007,SELL,250000
T00442,2026-01-14 15:30:00,Client_07,P028,SELL,750000
T00443,2026-01-14 15:30:00,Client_12,P005,SELL,1500000
T00444,2026-01-14 15:30:00,Client_17,P006,SELL,100000
T00445,2026-01-15 15:30:00,Client_01,P012,SELL,2000000
T00446,2026-01-15 15:30:00,Client_03,P007,SELL,1500000
T00447,2026-01-15 15:30:00,Client_03,P005,SELL,1000000
T00448,2026-01-15 15:30:00,Client_04,P001,SELL,100000
T00449,2026-01-15 15:30:00,Client_04,P025,SELL,250000
T00450,2026-01-15 15:30:00,Client_04,P012,SELL,750000
T00451,2026-01-15 15:30:00,Client_14,P022,SELL,500000
T00452,2026-01-15 15:30:00,Client_18,P007,SELL,500000
T00453,2026-01-16 15:30:00,Client_03,P025,SELL,1000000
T00454,2026-01-16 15:30:00,Client_05,P002,SELL,2000000
T00455,2026-01-16 15:30:00,Client_07,P036,SELL,100000
T00456,2026-01-16 15:30:00,Client_08,P007,SELL,750000
T00457,2026-01-16 15:30:00,Client_08,P017,SELL,750000
T00458,2026-01-16 15:30:00,Client_09,P002,SELL,1500000
T00459,2026-01-16 15:30:00,Client_10,P036,SELL,1000000
T00460,2026-01-16 15:30:00,Client_11,P020,SELL,1500000
T00461,2026-01-16 15:30:00,Client_11,P036,SELL,100000
T00462,2026-01-16 15:30:00,Client_12,P008,SELL,250000
T00463,2026-01-16 15:30:00,Client_13,P019,SELL,100000
T00464,2026-01-16 15:30:00,Client_14,P013,SELL,2000000
T00465,2026-01-16 15:30:00,Client_14,P023,SELL,750000
T00466,2026-01-16 15:30:00,Client_15,P030,SELL,1000000
T00467,2026-01-19 15:30:00,Client_03,P027,SELL,750000
T00468,2026-01-19 15:30:00,Client_04,P017,SELL,1500000
T00469,2026-01-19 15:30:00,Client_14,P014,SELL,750000
T00470,2026-01-19 15:30:00,Client_16,P015,SELL,250000
T00471,2026-01-19 15:30:00,Client_20,P015,SELL,1000000
T00472,2026-01-20 15:30:00,Client_02,P003,SELL,100000
T00473,2026-01-20 15:30:00,Client_04,P014,SELL,250000
T00474,2026-01-20 15:30:00,Client_04,P002,SELL,250000
T00475,2026-01-20 15:30:00,Client_05,P020,SELL,500000
T00476,2026-01-20 15:30:00,Client_06,P002,SELL,2000000
T00477,2026-01-20 15:30:00,Client_10,P017,SELL,1500000
T00478,2026-01-20 15:30:00,Client_11,P005,SELL,750000
T00479,2026-01-20 15:30:00,Client_11,P012,SELL,1000000
T00480,2026-01-20 15:30:00,Client_14,P017,SELL,500000
T00481,2026-01-20 15:30:00,Client_18,P023,SELL,250000
T00482,2026-01-20 15:30:00,Client_19,P033,SELL,1500000
T00483,2026-01-20 15:30:00,Client_20,P007,SELL,100000
T00484,2026-01-21 15:30:00,Client_05,P032,SELL,1500000
T00485,2026-01-21 15:30:00,Client_06,P014,SELL,750000
T00486,2026-01-21 15:30:00,Client_16,P033,SELL,750000
T00487,2026-01-21 15:30:00,Client_19,P011,SELL,1500000
T00488,2026-01-22 15:30:00,Client_07,P011,SELL,100000
T00489,2026-01-22 15:30:00,Client_11,P034,SELL,500000
T00490,2026-01-22 15:30:00,Client_12,P007,SELL,250000
T00491,2026-01-22 15:30:00,Client_19,P007,SELL,2000000
T00492,2026-01-23 15:30:00,Client_11,P014,SELL,1500000
T00493,2026-01-23 15:30:00,Client_14,P016,SELL,100000
T00494,2026-01-23 15:30:00,Client_17,P019,SELL,250000
T00495,2026-01-23 15:30:00,Client_19,P017,SELL,100000
T00496,2026-01-26 15:30:00,Client_02,P021,SELL,1500000
T00497,2026-01-26 15:30:00,Client_04,P024,SELL,1500000
T00498,2026-01-27 15:30:00,Client_04,P011,SELL,750000
T00499,2026-01-27 15:30:00,Client_05,P036,SELL,250000
T00500,2026-01-28 15:30:00,Client_17,P018,SELL,2000000
T00501,2026-01-28 15:30:00,Client_20,P030,SELL,250000
T00502,2026-01-29 15:30:00,Client_03,P002,SELL,250000
T00503,2026-01-29 15:30:00,Client_06,P006,SELL,750000
T00504,2026-01-29 15:30:00,Client_07,P027,SELL,2000000
T00505,2026-01-29 15:30:00,Client_08,P027,SELL,750000
T00506,2026-01-29 15:30:00,Client_13,P022,SELL,2000000
T00507,2026-01-30 15:30:00,Client_01,P020,SELL,250000
T00508,2026-01-30 15:30:00,Client_02,P020,SELL,750000
T00509,2026-01-30 15:30:00,Client_08,P015,SELL,500000
T00510,2026-02-02 15:30:00,Client_04,P022,SELL,100000
T00511,2026-02-02 15:30:00,Client_07,P020,SELL,2000000
T00512,2026-02-03 15:30:00,Client_04,P035,SELL,2000000
T00513,2026-02-05 15:30:00,Client_10,P022,SELL,2000000
T00514,2026-02-05 15:30:00,Client_12,P034,SELL,1000000
T00515,2026-02-06 15:30:00,Client_18,P029,SELL,1000000
T00516,2026-02-09 15:30:00,Client_10,P014,SELL,1000000
T00517,2026-02-09 15:30:00,Client_13,P006,SELL,2000000
T00518,2026-02-11 15:30:00,Client_01,P005,SELL,1500000
T00519,2026-02-11 15:30:00,Client_06,P012,SELL,250000
T00520,2026-02-11 15:30:00,Client_07,P012,SELL,250000
T00521,2026-02-11 15:30:00,Client_10,P018,SELL,2000000
T00522,2026-02-11 15:30:00,Client_16,P022,SELL,2000000
T00523,2026-02-11 15:30:00,Client_17,P035,SELL,250000
T00524,2026-02-12 15:30:00,Client_17,P005,SELL,1500000
T00525,2026-02-16 15:30:00,Client_01,P011,SELL,750000
T00526,2026-02-16 15:30:00,Client_05,P019,SELL,750000
T00527,2026-02-16 15:30:00,Client_16,P011,SELL,100000
T00528,2026-02-16 15:30:00,Client_18,P034,SELL,500000
T00529,2026-02-17 15:30:00,Client_06,P027,SELL,500000
T00530,2026-02-17 15:30:00,Client_07,P004,SELL,250000
T00531,2026-02-17 15:30:00,Client_15,P012,SELL,500000
T00532,2026-02-17 15:30:00,Client_17,P015,SELL,500000
T00533,2026-02-18 15:30:00,Client_12,P009,SELL,1500000
T00534,2026-02-18 15:30:00,Client_18,P014,SELL,250000
T00535,2026-02-19 15:30:00,Client_18,P026,SELL,2000000
T00536,2026-02-20 15:30:00,Client_07,P001,SELL,2000000
T00537,2026-02-23 15:30:00,Client_03,P020,SELL,750000
T00538,2026-02-23 15:30:00,Client_14,P035,SELL,1000000
T00539,2026-02-23 15:30:00,Client_16,P012,SELL,1500000
T00540,2026-02-24 15:30:00,Client_01,P024,SELL,100000
T00541,2026-02-24 15:30:00,Client_07,P015,SELL,500000
T00542,2026-02-24 15:30:00,Client_13,P033,SELL,1500000
T00543,2026-02-25 15:30:00,Client_02,P026,SELL,1000000
T00544,2026-02-26 15:30:00,Client_11,P028,SELL,1000000
T00545,2026-02-26 15:30:00,Client_17,P003,SELL,1500000
T00546,2026-02-26 15:30:00,Client_19,P001,SELL,250000
T00547,2026-02-27 15:30:00,Client_06,P018,SELL,1500000
T00548,2026-02-27 15:30:00,Client_07,P016,SELL,500000
T00549,2026-02-27 15:30:00,Client_12,P024,SELL,1500000
T00550,2026-03-03 15:30:00,Client_13,P008,SELL,1000000
T00551,2026-03-04 15:30:00,Client_05,P035,SELL,100000
T00552,2026-03-04 15:30:00,Client_06,P009,SELL,500000
T00553,2026-03-05 15:30:00,Client_04,P026,SELL,750000
T00554,2026-03-05 15:30:00,Client_10,P020,SELL,1500000
T00555,2026-03-06 15:30:00,Client_16,P024,SELL,500000
T00556,2026-03-09 15:30:00,Client_05,P034,SELL,750000
T00557,2026-03-10 15:30:00,Client_07,P018,SELL,100000
T00558,2026-03-10 15:30:00,Client_15,P024,SELL,250000
T00559,2026-03-10 15:30:00,Client_19,P022,SELL,1500000
T00560,2026-03-10 15:30:00,Client_20,P018,SELL,500000
T00561,2026-03-12 15:30:00,Client_02,P001,SELL,750000
T00562,2026-03-12 15:30:00,Client_02,P016,SELL,1000000
T00563,2026-03-12 15:30:00,Client_03,P032,SELL,500000
T00564,2026-03-12 15:30:00,Client_15,P001,SELL,100000
T00565,2026-03-16 15:30:00,Client_08,P016,SELL,1500000
T00566,2026-03-17 15:30:00,Client_05,P029,SELL,2000000
T00567,2026-03-17 15:30:00,Client_15,P005,SELL,2000000
T00568,2026-03-18 15:30:00,Client_12,P018,SELL,1000000
T00569,2026-03-19 15:30:00,Client_03,P009,SELL,1500000
T00570,2026-03-19 15:30:00,Client_06,P024,SELL,1000000
T00571,2026-03-19 15:30:00,Client_11,P024,SELL,1000000
T00572,2026-03-19 15:30:00,Client_20,P004,SELL,250000
T00573,2026-03-23 15:30:00,Client_03,P024,SELL,1000000
T00574,2026-03-23 15:30:00,Client_19,P015,SELL,1000000
T00575,2026-03-24 15:30:00,Client_01,P004,SELL,500000
T00576,2026-03-24 15:30:00,Client_02,P015,SELL,100000
T00577,2026-03-24 15:30:00,Client_03,P028,SELL,250000
T00578,2026-03-24 15:30:00,Client_17,P011,SELL,250000
T00579,2026-03-25 15:30:00,Client_12,P032,SELL,250000
T00580,2026-03-25 15:30:00,Client_15,P029,SELL,2000000
T00581,2026-03-25 15:30:00,Client_18,P031,SELL,100000
T00582,2026-03-26 15:30:00,Client_12,P017,SELL,250000
T00583,2026-03-26 15:30:00,Client_16,P026,SELL,750000
T00584,2026-03-26 15:30:00,Client_20,P008,SELL,100000
T00585,2026-03-27 15:30:00,Client_06,P015,SELL,250000
T00586,2026-03-30 15:30:00,Client_01,P001,SELL,2000000
T00587,2026-03-30 15:30:00,Client_11,P021,SELL,2000000
T00588,2026-03-30 15:30:00,Client_19,P021,SELL,1000000
T00589,2026-03-31 15:30:00,Client_09,P030,SELL,1500000
T00590,2026-04-02 15:30:00,Client_01,P028,SELL,2000000
T00591,2026-04-02 15:30:00,Client_20,P035,SELL,750000
T00592,2026-04-03 15:30:00,Client_15,P028,SELL,1500000
T00593,2026-04-14 15:30:00,Client_09,P009,SELL,250000
T00594,2026-04-15 15:30:00,Client_15,P009,SELL,1000000
T00595,2026-04-17 15:30:00,Client_09,P019,SELL,2000000
T00596,2026-04-20 15:30:00,Client_20,P020,SELL,100000
T00597,2026-04-21 15:30:00,Client_01,P016,SELL,250000
T00598,2026-04-24 15:30:00,Client_15,P022,SELL,250000
T00599,2026-04-27 15:30:00,Client_09,P021,SELL,100000
T00600,2026-04-28 15:30:00,Client_09,P035,SELL,2000000
T00601,2026-04-29 15:30:00,Client_13,P016,SELL,100000
T00602,2026-04-30 15:30:00,Client_13,P002,SELL,1500000
T00603,2026-05-01 15:30:00,Client_16,P021,SELL,100000
T00604,2026-05-05 15:30:00,Client_17,P022,SELL,100000
T00605,2026-05-12 15:30:00,Client_01,P027,SELL,1500000
T00606,2026-05-22 15:30:00,Client_19,P002,SELL,2000000
T00607,2026-05-25 15:30:00,Client_20,P036,SELL,100000
T00608,2026-05-26 15:30:00,Client_13,P032,SELL,1500000
T00609,2026-05-27 15:30:00,Client_09,P031,SELL,250000
T00610,2026-06-01 15:30:00,Client_09,P014,SELL,1000000
T00611,2026-06-02 15:30:00,Client_09,P028,SELL,750000
T00612,2026-06-10 15:30:00,Client_20,P022,SELL,100000
T00613,2026-06-15 15:30:00,Client_09,P032,SELL,500000
T00614,2026-06-16 15:30:00,Client_18,P035,SELL,1000000
